0,https://bd.linkedin.com/in/md-mahabubul-kabir-roni-chowdhury-085b6113a
1,https://bd.linkedin.com/in/faysal-ahmed-prodip01687836378
2,https://bd.linkedin.com/in/asif-arefin-53523b13a
3,https://bd.linkedin.com/in/md-abdul-ahad-emran-18a3ba55
4,https://bd.linkedin.com/in/md-rokonuzzaman-tamal-567a048a
5,https://bd.linkedin.com/in/md-zobair-62b05292
6,https://bd.linkedin.com/in/nurani-jely-6084ba69
7,https://bd.linkedin.com/in/alamd-shah-082147104
8,https://bd.linkedin.com/in/shoel120
9,https://bd.linkedin.com/in/nazrul-islam-bangladish-95726a6b
10,https://bd.linkedin.com/in/engr-mosihur-rahman-mieb-40572785
11,https://bd.linkedin.com/in/nipbd
12,https://bd.linkedin.com/in/hasan-a-jahedi-a952a248
13,https://bd.linkedin.com/in/engr-md-ferdaus-jaman-56b44394
14,https://bd.linkedin.com/in/shamim-reza-ab079b147
15,https://bd.linkedin.com/in/0zahid0
16,https://bd.linkedin.com/in/engineershahadat
17,https://bd.linkedin.com/in/md-moniruzzaman-b68497121
18,https://bd.linkedin.com/in/md-kamal-hosen-8ba97751
19,https://bd.linkedin.com/pub/eslam-allam
20,https://bd.linkedin.com/in/jahan-enterprise-283a9aa4
21,https://bd.linkedin.com/in/muradkeee
22,https://bd.linkedin.com/in/imran-ahamed-6baa83a5
23,https://bd.linkedin.com/in/moriammarine-bd-7a421689
24,https://bd.linkedin.com/in/m-a-sayeed-546026111
25,https://bd.linkedin.com/in/md-tarikul-islam-8a8b9987
26,https://bd.linkedin.com/in/md-arif-ullah-288135109
27,https://bd.linkedin.com/in/md-saidul-islam-b0319a135
28,https://bd.linkedin.com/in/moonir-ahmed-800862a1
29,https://bd.linkedin.com/in/engr-abu-mehedi-hasan-259a80114
30,https://bd.linkedin.com/in/engfaysal
31,https://bd.linkedin.com/in/engr-md-mehedi-hasan-rana-96b8b829
32,https://bd.linkedin.com/in/nasim-sumon-056869125
33,https://bd.linkedin.com/in/mohammad-adnan-b12962130
34,https://bd.linkedin.com/in/engr-ashraf-uddin-ashiq-614314134
35,https://bd.linkedin.com/in/moumon-das-007704111
36,https://bd.linkedin.com/in/noor-hossain-0274a323
37,https://bd.linkedin.com/in/amirulsikder
38,https://bd.linkedin.com/in/bescibd
39,https://bd.linkedin.com/in/sultanalmahmud
40,https://bd.linkedin.com/in/shahariar-parvez-b05698129
41,https://bd.linkedin.com/in/anwarhossain-rahat-a69148138
42,https://bd.linkedin.com/in/ridwan-choudhury
43,https://bd.linkedin.com/in/mizanur-rahman-2bb18745
44,https://bd.linkedin.com/in/sunrubel83-gmail-com-rubel-83337938
45,https://bd.linkedin.com/in/syed-shah-05047072
46,https://bd.linkedin.com/in/obaidur-rahman-b5680a23
47,https://bd.linkedin.com/in/shakil-hossain-8062ba61
48,https://bd.linkedin.com/in/kamrujjaman-kanak
49,https://bd.linkedin.com/in/tony-khan-64470a8
50,https://bd.linkedin.com/in/shahiqbal
51,https://bd.linkedin.com/in/shobuz
52,https://bd.linkedin.com/in/abu-sayt-78a540100
53,https://bd.linkedin.com/in/saira-a-87429262
54,https://bd.linkedin.com/in/mdshamimreza
55,https://bd.linkedin.com/in/rana-hossin-a155b2139
56,https://bd.linkedin.com/in/md-nizam-uddin-6009a6b7
57,https://bd.linkedin.com/in/ziyad-ansary-4043a634
58,https://bd.linkedin.com/in/engr-md-islam-b3709852
